<?xml version="1.0" encoding="UTF-8"?>
<project-private xmlns="http://www.netbeans.org/ns/project-private/1">
    <editor-bookmarks xmlns="http://www.netbeans.org/ns/editor-bookmarks/2" lastBookmarkId="0"/>
    <open-files xmlns="http://www.netbeans.org/ns/projectui-open-files/2">
        <group>
            <file>file:/Users/hdesign/NetBeansProjects/Jana_Rademan_CV_app/src/jana_rademan_cv_app/View/ButtonViews/MatricResults.java</file>
            <file>file:/Users/hdesign/NetBeansProjects/Jana_Rademan_CV_app/src/jana_rademan_cv_app/View/ButtonViews/Afrolabs.java</file>
            <file>file:/Users/hdesign/NetBeansProjects/Jana_Rademan_CV_app/src/jana_rademan_cv_app/View/ButtonViews/ProofOfRegistration.java</file>
            <file>file:/Users/hdesign/NetBeansProjects/Jana_Rademan_CV_app/src/jana_rademan_cv_app/View/ButtonViews/Growthroles.java</file>
            <file>file:/Users/hdesign/NetBeansProjects/Jana_Rademan_CV_app/src/jana_rademan_cv_app/View/References.java</file>
            <file>file:/Users/hdesign/NetBeansProjects/Jana_Rademan_CV_app/src/jana_rademan_cv_app/View/ButtonViews/AcedemicRecords.java</file>
            <file>file:/Users/hdesign/NetBeansProjects/Jana_Rademan_CV_app/src/jana_rademan_cv_app/View/ButtonViews/Growthinfo.java</file>
            <file>file:/Users/hdesign/NetBeansProjects/Jana_Rademan_CV_app/src/jana_rademan_cv_app/View/Feedback.java</file>
            <file>file:/Users/hdesign/NetBeansProjects/Jana_Rademan_CV_app/src/jana_rademan_cv_app/View/ButtonViews/RDroles.java</file>
            <file>file:/Users/hdesign/NetBeansProjects/Jana_Rademan_CV_app/src/jana_rademan_cv_app/View/ButtonViews/KAinfo.java</file>
            <file>file:/Users/hdesign/NetBeansProjects/Jana_Rademan_CV_app/src/jana_rademan_cv_app/View/ButtonViews/RDinfo.java</file>
            <file>file:/Users/hdesign/NetBeansProjects/Jana_Rademan_CV_app/src/jana_rademan_cv_app/View/Experience.java</file>
            <file>file:/Users/hdesign/NetBeansProjects/Jana_Rademan_CV_app/src/jana_rademan_cv_app/View/ButtonViews/KAroles.java</file>
        </group>
    </open-files>
</project-private>
